Created Date,Docket Number,Case Name,Inspection City,Inspection State,OSHA Inspection Number
07/01/2020,20-0997,Premier Mobile Welding Inc,Fort Lauderdale,Florida,1466409
07/01/2020,20-0998,"JZ Construction, Inc.",Philadelphia,Pennsylvania,1456154
07/01/2020,20-0999,"Fenix Parts Inc, dba Leesville Auto",Rahway,New Jersey,1438846
07/02/2020,20-1000,"Southern Hydro Vac, LLC",Reform,Alabama,1445994
07/02/2020,20-1001,Dura-Bond Steel Corporation,Export,Pennsylvania,1455579
07/02/2020,20-1002,"Americold Logistics, LLC",Syracuse,New York,1454371
07/02/2020,20-1003,J.R. Vinagro Corporation,Haverhill,Massachusetts,1448119
07/02/2020,20-1004,"Baker Concrete Construction, Inc.",Cincinnati,Ohio,1447831
07/02/2020,20-1005,"Voss Industries, LLC",Cleveland,Ohio,1475556
07/02/2020,20-1006,EUSTIS CABLE ENTERPRISES LTD,Andover,New York,1455666
07/02/2020,20-1007,"Toledo Seamless Gutters Construction, Co.",Hillside,New Jersey,1457008
07/02/2020,20-1008,TPC Group LLC,Port Neches,Texas,1448049
07/02/2020,20-1009,"Central Crude, Inc. ",Lake Charles,Louisiana,1456564
07/02/2020,20-1010,STAR OF THE WEST MILLING CO.,Churchville,New York,1475236
07/02/2020,20-1011,Geo Energy Tech Services LLC,Mc Kees Rocks,Pennsylvania,1476975
07/02/2020,20-1012,"Dollar Tree Stores, Inc., dba Dollar Tree Store #4484",Pottsville,Pennsylvania,1451149
07/06/2020,20-1013,Diamond B Up to Grade Inc.,Colorado Springs,Colorado,1465666
07/06/2020,20-1014,"CJM Roofing, Inc.",Port Saint Lucie,Florida,1468956
07/06/2020,20-1015,"CJM Roofing, Inc.",Port Saint Lucie,Florida,1468007
07/06/2020,20-1016,"CJM Roofing, Inc",Jensen Beach,Florida,1448410
07/06/2020,20-1017,"Old Dominion Freight Line, Inc.",Bradenton,Florida,1450496
07/07/2020,20-1018,"Phoenix Fabricators and Erectors, LLC",Oxford,Mississippi,1449241
07/07/2020,20-1019,"MCS Woodworking, LLC",Milwaukee,Wisconsin,1463075
07/07/2020,20-1020,PCS Energy,Saint Louis,Missouri,1453004
07/07/2020,20-1021,"Arch Technical Services, LLC, dba ATS Engineers, Inspectors, and Surveyors",Rock,Texas,1456452
07/07/2020,20-1022,"Rock Solid Precast, LP",Conroe,Texas,1463696
07/07/2020,20-1023,National Railroad Passenger Corporation (Amtrak),Bronx,New York,1449487
07/07/2020,20-1024,U.S. Postal Service,Royalton,Illinois,1463049
07/08/2020,20-1025,Jaime H. Ortega,Plain City,Ohio,1476697
07/08/2020,20-1026,Jaime Hernandez Ortega,Powell,Ohio,1478777
07/08/2020,20-1027,"G Boys Excavating, Inc.",Mount Laurel,New Jersey,1461883
07/08/2020,20-1028,Bravo Pack Inc.,Pennsauken,New Jersey,1434355
07/08/2020,20-1029,BB Frame LLC dba Frame Q LLC,Cliffside Park,New Jersey,1450621
07/08/2020,20-1030,BB Frame LLC dba Frame Q LLC ,Fort Lee,New Jersey,1470364
07/08/2020,20-1031,BB Frame LLC dba Frame Q LLC,Palisades Park,New Jersey,1464272
07/08/2020,20-1032,BB Frame LLC dba Frame Q LLC,Palisades Park,New Jersey,1466351
07/09/2020,20-1033,"Edison Properties, LLC",New York,New York,1452615
07/10/2020,20-1034,Eskimo Cold Storage,Gainesville,Georgia,1468499
07/10/2020,20-1035,Firestone Building Products,Prescott,Arkansas,1450802
07/10/2020,20-1036,"Ray Industrial Services, Inc.",Amityville,New York,1465019
07/10/2020,20-1037,"Detyens Shipyard, Inc.",North Charleston,South Carolina,1455764
07/10/2020,20-1038,"MDG Design and Construction, LLC.",New York,New York,1456524
07/10/2020,20-1039,"Polyplex USA LLC, dba Polyplex America Holdings Inc. ",Decatur,Alabama,1460438
07/10/2020,20-1040,"SWVA, Inc., dba Steel of West Virginia",Huntington,West Virginia,1469084
07/10/2020,20-1041,Kato Engineering Inc.,Mc Cook,Illinois,1468644
07/10/2020,20-1042,BB Frame LLC dba Frame Q LLC,Cliffside Park,New Jersey,1470356
07/13/2020,20-1043,JGB Painting Inc.,Houston,Texas,1402366
07/13/2020,20-1044,"L.S. Solutions, LLC",Guntersville,Alabama,1459186
07/13/2020,20-1045,"S & J Contracting, Inc.",Blue Point,New York,1451496
07/13/2020,20-1046,Simon Roofing and Sheet Metal Corp,Imperial,Pennsylvania,1456170
07/14/2020,20-1047,"Main Street American Home Manufacturing, LLC",Piscataway,New Jersey,1459639
07/14/2020,20-1048,"CBRE, Inc",Newark,Delaware,1453593
07/14/2020,20-1049,"Mayco Building Systems, Inc.",Houston,Texas,1457567
07/14/2020,20-1050,"Barry Billcliff, dba Merrimack Valley Roofing & Gutter",N Chelmsford,Massachusetts,1451450
07/15/2020,20-1051,Damascus Bakery LLC,Clifton,New Jersey,1454632
07/15/2020,20-1052,The Kiko Contractor,Bloomsbury,New Jersey,1452064
07/15/2020,20-1053,Furst McNess Company,lodi,Wisconsin,1450852
07/15/2020,20-1054,Corey Weir's Construction LLC,Kansas City,Missouri,1473103
07/15/2020,20-1055,AVA Roofing & Siding Inc.,Clarence,New York,1461108
07/16/2020,20-1056,"The JM Smucker Co., dba Folgers Coffee Co.",New Orleans,Louisiana,1456259
07/16/2020,20-1057,"The JM Smuckers Co, dba Folgers Coffee Company",New Orleans,Louisiana,1464159
07/16/2020,20-1058,Mogoo Inc.,Washington,District of Columbia,1425016
07/16/2020,20-1059,Site Improvement Inc.,Methuen,Massachusetts,1462561
07/17/2020,20-1060,Whitley Construction,Kansas City,Missouri,1467693
07/17/2020,20-1061,"Iron City Construction, Inc.",South Heights,Pennsylvania,1460214
07/17/2020,20-1062,Schreiber Foods LLC,Carthage,Missouri,1467448
07/17/2020,20-1063,"Ron Sparks, Inc., d/b/a RSI Construction",Lafayette,Louisiana,1476649
07/17/2020,20-1064,Snyder Environmental and Construction LLC,Meridian,Mississippi,1466831
07/17/2020,20-1065,"Ardent Mills, LLC",Alton,Illinois,1452432
07/17/2020,20-1066,"E.W. Howell Co., LLC",Jersey City,New Jersey,1448172
07/17/2020,20-1067,"Capitol Sand Proppants, LLC",Friendly,West Virginia,1458186
07/17/2020,20-1068,"Worthen Industries, Inc.",Nashua,New Hampshire,1450096
07/20/2020,20-1069,"CP Rankin, Inc.",Marlton,New Jersey,1477373
07/20/2020,20-1070,"Checkmark Industrial, LLC",Secaucus,New Jersey,1448156
07/20/2020,20-1071,"Precision Escalator Products, Inc.",Kenilworth,New Jersey,1405901
07/20/2020,20-1072,Pilgrim's Pride Corporation,Guntersville,Alabama,1454000
07/21/2020,20-1073,Target Fire Protection,Fort Lee,New Jersey,1479489
07/21/2020,20-1074,Dollar Tree Store #7611,Abington,Massachusetts,1453267
07/21/2020,20-1075,"Express Services Inc., dba Express Employment Professionals",Horseheads,New York,1451585
07/21/2020,20-1076,"Keith Tilden Roofing Company dba Tilden Roofing Co., Inc.",Hinsdale,Illinois,1477214
07/21/2020,20-1077,P.17 Construction Inc.,Deer Park,New York,1464366
07/21/2020,20-1078,"Doodyman to the Rescue, Inc.",Elmont,New York,1456890
07/21/2020,20-1079,"John Bergeron, dba Firstclass Contracting",Beverly ,Massachusetts,1455864
07/21/2020,20-1080,Blink Contracting Inc.,Flushing,New York,1463728
07/22/2020,20-1081,Roy Rock LLC,Kearny,New Jersey,1461294
07/22/2020,20-1082,"Yank Marine, Inc.",Tuckahoe,New Jersey,1457542
07/22/2020,20-1083,"Elmer Julio Perez Mendez, dba Julio Perez",Mobile,Alabama,1469692
07/22/2020,20-1084,"Yank Marine, Inc.",Tuckahoe,New Jersey,1457155
07/22/2020,20-1085,Tajammul Khokhar (Sole Proprietor),Boonton,New Jersey,1390964
07/22/2020,20-1086,"Action Roofing Services, Inc.",Boca Raton,Florida,1469158
07/23/2020,20-1087,Unnerstall Contracting Company LLC,Chesterfield,Missouri,1453596
07/23/2020,20-1088,Wiretech Electric Corp,Flushing,New York,1463634
07/23/2020,20-1089,North American Crane & Rigging LLC,Plainville,Massachusetts,1466248
07/23/2020,20-1090,"Lincoln Master Construction, Inc.",Dartmouth,Massachusetts,1453124
07/23/2020,20-1091,GP Martini Roofing Co.,West Chester,Pennsylvania,1438679
07/23/2020,20-1092,Old World Quality Corp.,Garden City,New York,1475892
07/23/2020,20-1093,"Benton Construction Company, Inc.",St Thomas,U.S. Virgin Islands,1460888
07/23/2020,20-1094,"Butters-Fetting CO., Inc.",Union Grove,Wisconsin,1461145
07/23/2020,20-1095,"Halstead Rooding, Inc.",Philidelphia,Pennsylvania,1419445
07/24/2020,20-1096,"Tomra NY Recycling, LLC.",Plattsburgh,New York,1465388
07/24/2020,20-1097,Fire Guard Sprinkler Corp.,Jersey City,New Jersey,1466203
07/24/2020,20-1098,Premier Roofing Company,Omaha,Nebraska,1475568
07/24/2020,20-1099,Ball Metal Beverage Container Corp.,Saratoga Springs,New York,1455831
07/24/2020,20-1100,"Davin's Construction, Inc.",Valley Stream,New York,1477409
07/24/2020,20-1101,Ball Metal Beverage Container Corp.,Saratoga Springs,New York,1462036
07/24/2020,20-1102,True Value Company,Hanover Township,Pennsylvania,1464762
07/24/2020,20-1103,"TJX Companies, Inc., dba Marshalls Distribution Center",Woburn,Massachusetts,1466661
07/24/2020,20-1104,"Wilks Masonry, LLC",Sherman,Texas,1463209
07/24/2020,20-1105,"Arkansas Electric Cooperatives, Inc.",Hackett,Arkansas,1456538
07/24/2020,20-1106,"Genuis Construction, LLC, dba Genuis Construction & Remodeling",Hurricane,West Virginia,1447787
07/24/2020,20-1107,"All Seasons Maintenance, LLC",Danbury,Connecticut,1471552
07/24/2020,20-1108,Dorlom Construction Inc.,Pinecrest,Florida,1479396
07/27/2020,20-1109,"Cinelli Scrap Metals, Inc.",Jersey City,New Jersey,1445633
07/27/2020,20-1110,"Lighthouse Productions, Inc., dba Port Lighting Systems",Boston,Massachusetts,1479278
07/27/2020,20-1111,"United Staging & Rigging, LLC",Boston,Massachusetts,1463950
07/27/2020,20-1112,"Maplehurst Farms, Inc.",Lindenwood,Illinois,1472054
07/28/2020,20-1113,Sahara Contracting Corp,Brooklyn,New York,1467206
07/28/2020,20-1114,"SL 10 Park Place LLC, dba SL Management Group LLC",Butler,New Jersey,1473649
07/28/2020,20-1115,Nations Roof East LLC,Brooklyn,New York,1470053
07/28/2020,20-1116,"Stupp Coatings, LLC",Baton Rouge,Louisiana,1464494
07/28/2020,20-1117,"Parikh Network LLC., dba Popeyes Louisiana Kitchen",New Windsor,New York,1465731
07/28/2020,20-1118,"Low Budget Roofing, LLC",Fostoria,Ohio,1477496
07/29/2020,20-1119,Construction by Monroy LLC,Dublin,Ohio,1442977
07/29/2020,20-1120,"Lincoln Recycling Services, LLC",North Bergen,New Jersey,1453600
07/29/2020,20-1121, Landscape Associates Inc.,Norcross,Georgia,1477946
07/29/2020,20-1122,"Eddie's Aquarium Centre, Inc.",Cohoes,New York,1462756
07/29/2020,20-1123,"Boomerang Rubber, Inc.",Botkins,Ohio,1456542
07/29/2020,20-1124,"Boomerang Rubber, Inc.",Botkins,Ohio,1456585
07/29/2020,20-1125,Street Foundation Drilling,San Antonio,Texas,1461445
07/29/2020,20-1126,"John Honest Construction, Inc.",Brooklyn,New York,1470263
07/29/2020,20-1127,"The Hallen Construction Co., Inc.",Brooklyn,New York,1458818
07/30/2020,20-1128,The F.A Bartlett Tree Expert Company,Rector,Pennsylvania,1477713
07/31/2020,20-1129,Pilgrim's Pride Corporation,Natchitoches,Louisiana,1461458
07/31/2020,20-1130,"Wilson Excavating and Grading, Inc.",New Wilmington,Pennsylvania,1466224
07/31/2020,20-1131,Buck Construction LLC,Marlton,New Jersey,1467230
07/31/2020,20-1132,Apex Systems,Denver,Colorado,1466242
07/31/2020,20-1133,Hutton Construction LLC,Old Bridge,New Jersey,1469370
07/31/2020,20-1134,Ferrera Candy Company,Bellwood,Illinois,1456731
07/31/2020,20-1135,Handi-Foil Corp. dba Handi-Foil of America,Antioch,Illinois,1454912
07/31/2020,20-1136,"The Quikrete Holdings, Inc., dba Tremron Group Arcadia",Arcadia,Florida,1471416
07/31/2020,20-1137,"Gate Precast Erection Co., dba Gate Precast, Inc. ",Tuscaloosa,Alabama,1458637
07/31/2020,20-1138,Progress Rail Locomotive Inc. ,Mc Cook,Illinois,1468992
08/03/2020,20-1139,"Robert Bates, Inc., dba Bob's Tire Co., Inc.",New Bedford,Massachusetts,1463716
08/03/2020,20-1140,"Robert Bates, Inc., dba Bob's Tire Co., Inc.",New Bedford,Massachusetts,1463750
08/03/2020,20-1141,"Adirondack Records Management, Inc.",Amsterdam,New York,1454575
08/03/2020,20-1142,Allen Distribution,Carlisle,Pennsylvania,1459713
08/04/2020,20-1143,"Custom Gutter & Supply, Inc. dba Custom Installations, Inc.",Glenview,Illinois,1468750
08/04/2020,20-1144,Karvo Companies Inc.,Massillon,Ohio,1476603
08/04/2020,20-1145,"City Hill Excavating, Inc.",Middlesex,New York,1480470
08/04/2020,20-1146,Danny Sanders Construction Co.,El Paso,Texas,1477888
08/05/2020,20-1147,"Alpha Technical Services Corporation, LC, dba Quala Rail & Specialty",Pasadena,Texas,1453365
08/05/2020,20-1148,Facility Services Management Inc,Fort Huachuca,Arizona,1461071
08/05/2020,20-1149,Ajax Tocco Magnithermic Corporation,Warren,Ohio,1480283
08/05/2020,20-1150,"Pueblo Nuevo Meat Corp, dba Cherry Valley Marketplace",West Hempstead,New York,1436781
08/06/2020,20-1151,"Grace Holdings Wallingford, LLC, dba Meriden Wine & Spirits",Wallingford,Connecticut,1459353
08/06/2020,20-1152,"Ohmstede Industrial Services, Inc.",El Paso,Texas,1459333
08/06/2020,20-1153,Ultimate Roofing Solutions Inc.,Palos Hills,Illinois,1477016
08/06/2020,20-1154,"Parkhurst Tree and Landscape, Inc.",Newton,Massachusetts,1452712
08/07/2020,20-1155,Sojourner Drilling Corporation,Anson,Texas,1455499
08/07/2020,20-1156,Unnerstall Contracting Company LLC,Saint Louis,Missouri,1463301
08/07/2020,20-1157,Ball Corporation dba Ball Metal Beverage Container Corp.,Findlay,Ohio,1471982
08/07/2020,20-1158,"Sam A. Lupo & Sons, Inc.",Endicott,New York,1474596
08/07/2020,20-1159,"SJK Steel and Construction, LLC.",Manasquan,New Jersey,1421818
08/07/2020,20-1160,"International Technical Coatings, Inc., dba ITC Manufacturing",Columbus,Ohio,1475405
08/07/2020,20-1161,"Ammons & Blackmon Construction, LLC",Calvert,Alabama,1472620
08/07/2020,20-1162,"AM Framing, LLC.",Middletown,New York,1467542
08/07/2020,20-1163,"WM Mercury Waste, Inc., dba Waste Management",Union Grove,Wisconsin,1460444
08/07/2020,20-1164,Clearwater Paper Corporation,Lewiston,Idaho,1461749
08/07/2020,20-1165,"Walmart Inc., dba Walmart DC #6096",Johnstown,New York,1455592
08/07/2020,20-1166,AK Steel Corporation,Mansfield,Ohio,1458790
08/10/2020,20-1167,"Quality Welding & Fabrication, Inc.",Columbia,Mississippi,1454689
08/11/2020,20-1168,"Watson Grinding and Manufacturing Company, Inc.",Houston,Texas,1458001
08/12/2020,20-1169,Royal Waste Services Inc.,Hollis,New York,1455943
08/12/2020,20-1170,"MW Dylag Builders, LLC",Tonawanda,New York,1453258
08/12/2020,20-1171,"Lu Construction, Inc.",Bath,Maine,1474211
08/12/2020,20-1172,"North Coast Sewer and Drainage, Inc. dba Welter Plumbing",Deerfield,Illinois,1467374
08/13/2020,20-1173,AMAZON.COM SERVICES LLC,Nashua,New Hampshire,1454704
08/13/2020,20-1174,"Tyson Fresh Meats, Inc.",Holcomb,Kansas,1470781
08/13/2020,20-1175,"Williams Brothers Construction Co., Inc.",Rosenberg,Texas,1467651
08/14/2020,20-1176,Encon Colorado,Denver,Colorado,1463983
08/14/2020,20-1177,"FCA Construction & Sons, Inc.",Saint Petersburg,Florida,1476718
08/14/2020,20-1178,"AM Framing, LLC",Bayonne,New Jersey,1471254
08/14/2020,20-1179,"Connecticut Sealcoating, LLC.",New Milford,Connecticut,1459102
08/14/2020,20-1180,"Cesar Lopez, dba DD Construction LLC",Southwick,Massachusetts,1459629
08/17/2020,20-1181,K & R Construction LTD,North Canton,Ohio,1467309
08/17/2020,20-1182,O'Ryan Oil & Gas,Powell,Texas,1461893
08/17/2020,20-1183,O'Ryan Oil & Gas,Powell,Texas,1461890
08/17/2020,20-1184,Gleeson Constructors & Engineers LLC,Dallas,Texas,1480578
08/17/2020,20-1185,"Wagner Construction, Inc.",Bismarck,North Dakota,1467035
08/18/2020,20-1186,Sims Metal Management LLC,Jersey City,New Jersey,1460997
08/18/2020,20-1187,"Pantaleo Capparelli, dba Pantaleo Capparelli Landscape & Cement Work",White Plains,New York,1456059
08/18/2020,20-1188,ADM Milling Co.,Hudson,New York,1459566
08/18/2020,20-1189,ADM Milling Co.,Hudson,New York,1460025
08/18/2020,20-1190,RC Structures Inc.,Oyster Bay,New York,1459187
08/18/2020,20-1191,"Walmart, Inc.",Olney,Illinois,1462874
08/18/2020,20-1192,"Greenbrier Companies, Inc., dba Greenbrier",Marmaduke,Arkansas,1457711
08/18/2020,20-1193,"JLJ IV Enterprises, Inc.",Brooklyn,New York,1468433
08/19/2020,20-1194,"Infinity Roofing & Siding, Inc., dba Infinity Restoration",Denver,Colorado,1475776
08/19/2020,20-1195,Lemus Construction Inc.,Highland Park,New Jersey,1442638
08/19/2020,20-1196,"Amazing Contractors, LLC.",Highland Park,New Jersey,1463658
08/19/2020,20-1197,Turn Services LLC,Convent,Louisiana,1458212
08/19/2020,20-1198,"Koch Foods of Cincinnati, LLC, dba Koch Meat Company",Fairfield,Ohio,1464993
08/19/2020,20-1199,Tennis Hatfield,Seven Hills,Ohio,1483102
08/20/2020,20-1200,Chesapeake Energy Corporation,Caldwell,Texas,1460411
08/20/2020,20-1201,"Forbes Energy Services, LLC, dba C.C. Forbes Company",Caldwell,Texas,1460384
08/20/2020,20-1202,"HVFG, LLC.",Ferndale,New York,1461042
08/21/2020,20-1203,GEC Contracting Inc.,Huntington Station,New York,1441944
08/21/2020,20-1204,"Malka Carpentry Contracting, Inc.",Monsey,New York,1462840
08/21/2020,20-1205,Tysinger Construction LLC,Delaware,Ohio,1476185
08/21/2020,20-1206,Best Staffing Solutions,Gloversville,New York,1461309
08/21/2020,20-1207,International Recovery Systems of PA,Mckeesport,Pennsylvania,1463895
08/21/2020,20-1208,"S'N'S Erectors, Inc.",Tuscaloosa,Alabama,1458500
08/21/2020,20-1209,A2B Property Services LLC,Johnstown,Ohio,1460900
08/21/2020,20-1210,"SJK Steel and Construction, LLC",Avenel,New Jersey,1436819
08/24/2020,20-1211,"Daka Plumbing and Heating, LLC",Poughkeepsie,New York,1456022
08/24/2020,20-1212,"Roy Rock, LLC",Elizabeth,New Jersey,1462468
08/24/2020,20-1213,"Bertoglio Home Improvement, Inc.",North Babylon,New York,1465801
08/24/2020,20-1214,Dollar Tree Store #4163,Brockton,Massachusetts,1464979
08/24/2020,20-1215,M.E. Wood Construction LLC,Kearny,New Jersey,1426330
08/25/2020,20-1216,JMS Wind Energy,Olney,Texas,1475244
08/25/2020,20-1217,"Finley, LLC",Denver,Colorado,1471097
08/26/2020,20-1218,"Gamtex Industries LP, dba Gachman Metals & Recycling",Fort Worth,Texas,1460759
08/26/2020,20-1219,"Cinch Connectors, Inc.",McAllen,Texas,1464479
08/26/2020,20-1220,Twin Pines Manufacturing Corp.,Clarksburg,Pennsylvania,1447376
08/27/2020,20-1221,"ERB Electric, Inc.",Triadelphia,West Virginia,1460916
08/27/2020,20-1222,Edgewater Townhomes LLC,Berlin,Connecticut,1470187
08/27/2020,20-1223,"Jacobs Engineering Group, Inc.",Orlando,Florida,1445052
08/27/2020,20-1224,Gestido Construction LLC,Weston,Florida,1450949
08/27/2020,20-1225,Gestido Construction LLC,Weston,Florida,1450118
08/28/2020,20-1226,Distrilogik US Ltd.,Dayton,New Jersey,1453469
08/28/2020,20-1227,Kloss Equipment Inc.,Gansevoort,New York,1466221
08/28/2020,20-1228,Thyssenkrupp Elevator Corp. ,Enid,Oklahoma,1473807
08/28/2020,20-1229,EDiS Company,Wilmington,Delaware,1476174
08/28/2020,20-1230,Detwiler Roofing,Wilmington,Delaware,1476336
08/28/2020,20-1231,Garton's Rigging Inc,Wilmington,Delaware,1476333
08/31/2020,20-1232,"Builders Choice of New York, Inc., dba Upstate Roofing & Siding, Inc.",Middletown,New York,1465625
08/31/2020,20-1233,JBA Construction LLC,Saint Joseph,Missouri,1465698
08/31/2020,20-1234,"Publix Supermarkets, Inc.",Fort Lauderdale,Florida,1455558
08/31/2020,20-1235,"Gaudelli Bros, Inc.",Wilmington,Delaware,1476335
08/31/2020,20-1236,Robert Fleming dba Diesel Component Rebuilders,Alton,Illinois,1467302
08/31/2020,20-1237,M.A. Mortenson Company,Denver,Colorado,1464086
09/02/2020,20-1238,"Legend Energy Services, LLC, dba Legend BMES Energy Services, LLC",Dimmitt,Texas,1471915
09/02/2020,20-1239,"Alpha Welding & Boat Repair, Inc.",Dutch Harbor,Alaska,1467930
09/02/2020,20-1240,"Gold Creek Foods, LLC",Gainesville,Georgia,1462587
09/02/2020,20-1241,Azteca Utility RR Service Inc.,Houston,Texas,1463309
09/03/2020,20-1242,Atlas Paving Contractors Inc.,Jersey City,New Jersey,1466136
09/03/2020,20-1243,Charles Chapman Construction,Medina,Ohio,1481426
09/03/2020,20-1244,Charles Chapman Construction,Medina,Ohio,1485139
09/03/2020,20-1245,Zona Roofing LLC,Haledon,New Jersey,1421673
09/03/2020,20-1246,"McMahon's Farm, Inc.",Hopewell Junction,New York,1435446
09/03/2020,20-1247,Master Construction New Generation,Rosenberg,Texas,1462515
09/04/2020,20-1248,MB Custom Builders Inc,Palisades Park,New Jersey,1484335
09/04/2020,20-1249,Bowman Steel LLC,Tampa,Florida,1462387
09/04/2020,20-1250,"Active Roofing Company, Inc.",Tinley Park,Illinois,1485023
09/08/2020,20-1251,Barr & Barr Inc.,Tampa,Florida,1480385
09/08/2020,20-1252,Belair Sitework Services,Denver,Colorado,1463759
09/08/2020,20-1253,"Food Lion LLC, dba Food Lion Store #2164 ",Claymont,Delaware,1462947
09/08/2020,20-1254,"Reed's Metals, LLC",Benton,Arkansas,1462670
09/09/2020,20-1255,The J.M. Smucker Company,Longmont,Colorado,1461794
09/09/2020,20-1256,Katerra Construction LLC,Denver,Colorado,1471105
09/09/2020,20-1257,"Delta Arsenal, LLC",Wallingford ,Connecticut,1433026
09/09/2020,20-1258,"Prieto Construction, Inc.",Wheaton,Illinois,1479677
09/09/2020,20-1259,BLZ Electric Inc.,Brooklyn,New York,1401822
09/10/2020,20-1260,Pinnacle Building Maintenance,Yonkers,New York,1458968
09/10/2020,20-1261,"KC & J Perimeter Protection Products, LLC, dba Perimeter Protection Products, LLC ",Middlesex,New Jersey,1442751
09/10/2020,20-1262,"Popil Roofing Company, dba PRC Roofing",Brunswick,Ohio,1480465
09/10/2020,20-1263,C & J Carpentry and Home Improvement Inc,Mamaroneck,New York,1465373
09/11/2020,20-1264,Great Lakes Tank & Vessel LLC,Cleveland,Ohio,1464642
09/11/2020,20-1265,"Equity Construction Group LLC, dba Equity Roofing, LLC",Bloomsburg,Pennsylvania,1475736
09/11/2020,20-1266,Modine Manufacturing Company,West Kingston,Rhode Island,1476461
09/11/2020,20-1267,Sunrun Inc.,Oswego,Illinois,1481721
09/11/2020,20-1268,"Environmental Remediation and Recovery, Inc.",Mounds,Illinois,1461922
09/14/2020,20-1269,"Southern Field Maintenance and Fabrication, L.L.C.",Mount Meigs,Alabama,1471437
09/14/2020,20-1270,"Howard Industries, Inc., dba Howard Industries",Laurel,Mississippi,1465829
09/14/2020,20-1271,"Kenan Advantage Group, Inc.",North Canton,Ohio,1464356
09/15/2020,20-1272,"Brooklyn Resource Recovery, Inc.",Brooklyn,New York,1440251
09/15/2020,20-1273,"Colonial East, LP",Rehoboth Beach,Delaware,1467540
09/15/2020,20-1274,"Ned Stevens Gutter Cleaning & General Contracting of Illinois, LLC",Naperville,Illinois,1481707
09/15/2020,20-1275,Monarch Investment and Management Group,Reynoldsburg,Ohio,1475626
09/15/2020,20-1276,Robert Fleming DBA Diesel Component Rebuilders,Alton,Illinois,1468213
09/15/2020,20-1277,"DOW Chemical Company, dba DC Alabama, Inc.",Mount Meigs,Alabama,1479522
09/15/2020,20-1278,U.S. Postal Service,Springfield,Massachusetts,1473534
09/16/2020,20-1279,"Lemus Construction, Inc., dba Lemus Construction Roofing and Siding",Woodbridge,New Jersey,1418338
09/16/2020,20-1280,"G-Tech Elevator Associates, LLC",New York,New York,1452127
09/16/2020,20-1281,"Berry Global, Inc.",Alsip,Illinois,1472344
09/16/2020,20-1282,PCI Synthesis,Newburyport,Massachusetts,1463040
09/17/2020,20-1283,"Ourem Iron Works, Inc.",Yonkers,New York,1458036
09/17/2020,20-1284,Safe Flow Utilities ,White Plains,New York,1462220
09/17/2020,20-1285,Brothers J&P Framing Inc. Jaime & Pedro,Lido Beach,New York,1464635
09/18/2020,20-1286,"NN, Inc. Power Solutions Division., dba Deer Park Die and Stamping",Indian Springs,Ohio,1473752
09/18/2020,20-1287,Garfield Plumbing & Heating Inc.,Monroe,New York,1470363
09/21/2020,20-1288,Positive Builders Inc,Monroe,New York,1470254
09/21/2020,20-1289,"Robert Sibley, dba Robert H Sibley & Son Plumbing & Heating",Monroe,New York,1470439
09/21/2020,20-1290,Bi-State Utilities Co.,Wentzville,Missouri,1476620
09/21/2020,20-1291,"Tower International, dba Tower Automotive Operations USA I, LLC",Bellevue,Ohio,1462503
09/21/2020,20-1292,"Crossroads Roofing & Contracting, LLC, dba Crossroads Roofing LLC",Saint Charles,Missouri,1485449
09/21/2020,20-1293,Trumbull Corporation,Ewing,New Jersey,1465296
09/21/2020,20-1294,"United Parcel Service, dba UPS",Commerce City,Colorado,1484705
09/21/2020,20-1295,United Tube Corporation,Medina,Ohio,1481423
09/21/2020,20-1296,"Intech Construction, LLC.",Philadelphia,Pennsylvania,1468364
09/21/2020,20-1297,National Management Resources Corporation,Elkins,West Virginia,1475834
09/21/2020,20-1298,ACE Building Service Inc.,Rhinelander,Wisconsin,1482929
09/21/2020,20-1299,Frankes Wood Products LLC,Marysville,Ohio,1486524
09/21/2020,20-1300,"Mid Construction, LLC.",Kansas City,Missouri,1476490
09/23/2020,20-1301,Angelo J Romano Roofing,Chelsea,Massachusetts,1460728
09/23/2020,20-1302,"JET Polymer Recycling, Inc.",Fort Payne,Alabama,1461059
09/23/2020,20-1303,Bestmark National LLC,New York,New York,1424784
09/23/2020,20-1304,"Variable Steel Unlimited, LLC.",Atlanta,Georgia,1403543
09/24/2020,20-1305,C.B. Carpentry Corp.,Montauk,New York,1458214
09/24/2020,20-1306,"Guiliano Environmental, LLC",Tarrytown,New York,1483466
09/24/2020,20-1307,PASCO,Philadelphia,Pennsylvania,1466708
09/24/2020,20-1308,PASCO,Philadelphia,Pennsylvania,1469456
09/25/2020,20-1309,Nemeckay's Roofing & Home Improvement Company,Columbia Station,Ohio,1481497
09/25/2020,20-1310,CentiMark Corporation,Tarrytown,New York,1483426
09/28/2020,20-1311,"Wolverine Wireless, Inc.",Lumberton,Mississippi,1462605
09/28/2020,20-1312,Winter Contracting LLC,Brookings,South Dakota,1474617
09/28/2020,20-1313,Kinney Contractors Inc.,Alton,Illinois,1484795
09/28/2020,20-1314,"Kinney Contractors, Inc.",Raymond,Illinois,1487189
09/28/2020,20-1315,"Adams Construction & Associates, Inc.",Pike Road,Alabama,1485025
09/28/2020,20-1316,"Warren Paving, Inc.",Hattiesburg ,Mississippi,1479293
09/29/2020,20-1317,Smithfield Packaged Meats Corporation,Sioux Falls,South Dakota,1472736
09/29/2020,20-1318,"HTRE2, LLC, dba SOHO Metal Recycling",League City,Texas,1476640
09/30/2020,20-1319,Home Handyman Service Inc.,Buffalo,New York,1467833
09/30/2020,20-1320,"JBS Foods, Inc., dba Swift Beef Company",Greeley,Colorado,1475131
09/30/2020,20-1321,"Mission Care of Illinois, LLC dba Abbott EMS of Illinois",Belleville,Illinois,1472412
09/30/2020,20-1322,"Cartel Drilling, LLC",Firestone,Colorado,1469517
09/30/2020,20-1323,M & J Construction Inc,New Rochelle,New York,1462563
09/30/2020,20-1324,Polyair Corporation,Carlstadt,New Jersey,1368659
09/30/2020,20-1325,NER Construction Management Corp.,Allston,Massachusetts,1477175
10/01/2020,20-1326,"Seminole Construction, LLC",Bayville,New Jersey,1472875
10/01/2020,20-1327,Celanese Corporation,Airport,Texas,1491311
10/01/2020,20-1328,Union Power Stucco LLC,Keene,New Hampshire,1464059
10/01/2020,20-1329,Global Construction & Contracting,Brooklyn,New York,1468808
10/02/2020,20-1330,"UETA of Texas, Inc.",Laredo,Texas,1470220
10/02/2020,20-1331,"Darling Ingredients Inc., dba DarPro Solutions",Tampa,Florida,1490744
10/02/2020,20-1332,Broward Pressure Cleaning and Patios Inc.,Weston,Florida,1486475
10/05/2020,20-1333,Secure Roofing Inc.,Brooklyn,New York,1466233
10/05/2020,20-1334,"Carpenters Technology, dba Latrobe Specialty Metals",Latrobe,Pennsylvania,1485999
10/05/2020,20-1335,Tyler Roofing Company,Lindale,Texas,1487948
10/05/2020,20-1336,"Welspun Tubular, LLC",Little Rock,Arkansas,1464992
10/06/2020,20-1337,"Upstate Niagara Cooperative, Inc.",West Seneca,New York,1468613
10/06/2020,20-1338,"Turner Industries Group, LLC",Westlake,Louisiana,1471109
10/06/2020,20-1339,"MW Roofing, LLC",Middletown,Delaware,1471640
10/06/2020,20-1340,"Hackensack Meridian Health Residential Care Inc., The Harborage",North Bergen,New Jersey,1476465
10/06/2020,20-1341,"Hinojosa Waterproofing, LLC",Houston,Texas,1471417
10/06/2020,20-1342,Dorsey Trailer LLC,Elba,Alabama,1470773
10/06/2020,20-1343,Waste Connections of Colorado,Denver,Colorado,1476034
10/07/2020,20-1344,"Egan's Forestry Unlimited, LLC",Westford,Massachusetts,1482772
10/07/2020,20-1345,"Buckingham Manufacturing Co., Inc.",Binghamton,New York,1481461
10/08/2020,20-1346,"International Concrete Products, Inc.",Germantown,Wisconsin,1469493
10/08/2020,20-1347,Frito Lay Inc.,Orlando,Florida,1471366
10/09/2020,20-1348,Yonatan Villeda Perez,Arcade,New York,1480358
10/09/2020,20-1349,JYL Construction Inc,Merrimac,Massachusetts,1418959
10/09/2020,20-1350,Century Roofing,Kansas City,Missouri,1258740
10/09/2020,20-1351,Century Roofing,Lees Summit,Missouri,1349510
10/09/2020,20-1352,"BridgePoint Group, Inc.",Mount Vernon,New York,1281685
10/13/2020,20-1353,"Delaware City Refining Company, LLC",Delaware City,Delaware,1468775
10/13/2020,20-1354,"Central Falls Landing, LLC",Central Falls,Rhode Island,1469804
10/13/2020,20-1355,"North Houston Pole Line, LP",Baytown,Texas,1471037
10/13/2020,20-1356,"Dana Railcare, a Division of Dana Container, Inc.",Wilmington,Delaware,1421123A
10/13/2020,20-1357,"Rana Meal Solutions, LLC",Bartlett,Illinois,1470814
10/13/2020,20-1358,Dan Ellis,Fairfield,Ohio,1481228
10/13/2020,20-1359,"Idaho Concrete and Excavation, LLC",Boise,Idaho,1478521
10/14/2020,20-1360,"Grandma Brown's Beans, Inc.",Mexico,New York,1476782
10/14/2020,20-1361,Back Brook Masonry LLC,New Rochelle,New York,1488537
10/14/2020,20-1362,Amazon CMH4,West Jefferson,Ohio,1484775
10/15/2020,20-1363,"ADMP, LLC",Houston,Texas,1450570
10/15/2020,20-1364,Arthur Vincent Company,New York,New York,1460974
10/15/2020,20-1365,Pablo Mora dba Pablo Mora,Chicago Heights,Illinois,1477795
10/16/2020,20-1366,"Hackensack Meridian Health, Inc., dba JFK/Johnson Rehabilitation Institute",Edison,New Jersey,1476526
10/16/2020,20-1367,Holland Roofing of Cincinnati Inc.,Hamler,Ohio,1475444
10/16/2020,20-1368,"G.M. Drilling & Blasting, Inc.",Salem,New Hampshire,1472398
10/16/2020,20-1369,"KeHE Distributors, LLC, dba KeHE Distributors DC42",Flower Mound,Texas,1492547
10/19/2020,20-1370,Alfredo Varela,Kansas City,Missouri,1421819
10/19/2020,20-1371,"Shawnlee Construction, LLC",Revere,Massachusetts,1478988
10/19/2020,20-1372,Roofing Better Builds,Lakewood,Ohio,1490175
10/19/2020,20-1373,"Ahava Medical & Rehabilitation Center, LLC",Brooklyn,New York,1472872
10/19/2020,20-1374,"HMH Residential Care, INC, dba Meridian Subacute Rehabilitation",Wall Township,New Jersey,1486211
10/20/2020,20-1375,Juan Gutierrez,Waxahachie,Texas,1493269
10/20/2020,20-1376,"Brooklyn Queens Nursing Home, Inc.",Brooklyn,New York,1472977
10/20/2020,20-1377,"RDJJ Services, Inc.",Bogue Chitto,Mississippi,1465279
10/20/2020,20-1378,Midwest Sign Company,Warrensburg,Missouri,1483549
10/20/2020,20-1379,"Valley Energy Services, LLC, dba Valley Trucking Services",Canton,Ohio,1488499
10/20/2020,20-1380,Alexandros Roofing,Blue Springs,Missouri,1487888
10/20/2020,20-1381,"292 Applegarth Road Operations LLC, dba Cranbury Center",Monroe Township,New Jersey,1487345
10/20/2020,20-1382,"1515 Lamberts Mill Road Operations, LLC, dba Westfield Center",Westfield,New Jersey,1472780
10/21/2020,20-1383,U.S. Postal Service,Wasilla,Alaska,1483679
10/21/2020,20-1384,"2 Deer Park Drive Operations LLC, dba Park Place Center",Monmouth Junction,New Jersey,1472170
10/21/2020,20-1385,"Juan Avalos, dba Avalos Construction",Lebanon,Ohio,1490184
10/21/2020,20-1386,West Oaks Nursing & Rehabilitation Center,Austin,Texas,1472866
10/22/2020,20-1387,"JBS Green Bay, Inc. ",Green Bay,Wisconsin,1472927
10/22/2020,20-1388,"M. Falanga Trucking, LLC. ",Spring Valley,New York,1472203
10/22/2020,20-1389,"Tioga Contracting, LLC.",Utica,New York,1462483
10/22/2020,20-1390,"Maplehurst Farms, Inc.",Rochelle,Illinois,1474322
10/22/2020,20-1391,"PCI Construction, Inc.",Richardson,Texas,1472495
10/22/2020,20-1392,"Jewish Home Lifecare, Home Assistance Personnel, Inc., dba The New Jewish Home",New York,New York,1472332
10/23/2020,20-1393,Image Time Inc.,Perryopolis,Pennsylvania,1484659
10/23/2020,20-1394,Vivo Staffing LLC,Newark,New Jersey,1452289
10/23/2020,20-1395,"R1 Engineering, Inc., dba Allterra Engineering & Testing, Inc.",Port Saint Lucie,Florida,1471083
10/23/2020,20-1396,Vivo Builders LLC,Newark,New Jersey,1427318
10/23/2020,20-1397,"Columbia Iron Works, Inc, dba Columbian Ornamental Iron Works, Inc",Jersey City,New Jersey,1430505
10/23/2020,20-1398,2020 Route 23 North Operating Company d/b/a Atrium Post-Acute Care of Wayneview,Wayne,New Jersey,1487624
10/23/2020,20-1399,"Gutier, LLC",Houston,Texas,1477788
10/23/2020,20-1400,Marcelo Contreras Villa,Lenexa,Kansas,1479528
10/26/2020,20-1401,The LJI Management Corp.,New Rochelle,New York,1462623
10/26/2020,20-1402,Luis Home,Nutley,New Jersey,1463017
10/26/2020,20-1403,St. Barnabas Hospital,Bronx,New York,1473218
10/26/2020,20-1404,Alex's Home Improvement LLC,Morristown,New Jersey,1462541
10/26/2020,20-1405,Black Dog Construction,South Orange,New Jersey,1480836
10/26/2020,20-1406,St. Barnabas Hospital,Bronx,New York,1472869
10/26/2020,20-1407,Luigi Construction Corp,Somerville,Massachusetts,1435538
10/26/2020,20-1408,"84 Cold Hill Road Operations LLC, dba Holly Manor",Mendham,New Jersey,1473525
10/26/2020,20-1409,"Arbor Management Services, LLC, dba Arbor Terrace at Cascade",Atlanta ,Georgia,1478813
10/26/2020,20-1410,Northwell Health Orzac Center For Rehabilitation,Valley Stream,New York,1476726
10/26/2020,20-1411,K & J Builders LLC,Romeoville,Illinois,1454558
10/26/2020,20-1412,"JHCC, LLC",Overland Park,Kansas,1480974
10/27/2020,20-1413,CK Enterprises Inc,Lone Jack,Missouri,1453656
10/27/2020,20-1414,Tru Roofing Corp.,Coral Springs,Florida,1460270
10/27/2020,20-1415,Gadistro Corp,Washington,District of Columbia,1448038
10/27/2020,20-1416,Allied Partners,Colorado Springs,Colorado,1324526
10/27/2020,20-1417,Elmer W Davis ,Rochester,New York,1493404
10/28/2020,20-1418,Alpha Omega Construction,Lincoln,Nebraska,1483647
10/28/2020,20-1419,"Marion Regional Medical Center, Inc. ",Hamilton,Alabama,1472689
10/28/2020,20-1420,"DBG Arkansas, LLC., dba DBG Conway",Conway,Arkansas,1468649
10/28/2020,20-1421,"Riceland Foods, Inc.",Jonesboro,Arkansas,1471347
10/28/2020,20-1422,Precision Steel Erectors,Chandler,Arizona,1492494
10/28/2020,20-1423,Eriksen Construction Company Inc.,Clay Center,Nebraska,1491304
10/28/2020,20-1424,Queens Boulevard Extended Care Facility Management LLC,Flushing,New York,1479868
10/29/2020,20-1425,H.J. Eppel & Co.,Gridley,Illinois,1478135
10/29/2020,20-1426,"Clearview Operating Co., LLC, dba The Grand Rehabilitation and Nursing, Queens ",Whitestone,New York,1487378
10/29/2020,20-1427,"Shaun Toledo, dba Toledo Contracting",Fall River ,Massachusetts,1478698
10/30/2020,20-1428,Alliance Health of Braintree Inc.,Braintree,Massachusetts,1473536
10/30/2020,20-1429,"Alliance Health of Brockton, Inc., dba Alliance Health at West Acres",Brockton,Massachusetts,1474628
10/30/2020,20-1430,"Ronyak Paving, Inc.",Valley City,Ohio,1477206
10/30/2020,20-1431,Presence Chicago Hospitals Network dba Amita Health Saint Joseph Hospital Chicago,Chicago,Illinois,1472284
10/30/2020,20-1432,"Cherokee Pride Construction, Inc.",Broken Arrow,Oklahoma,1493069
10/30/2020,20-1433,"Bortnick Dairy, LLC",Conneautville,Pennsylvania,1491086
11/02/2020,20-1434,Bergey's Commercial Tire Centers,Phillipsburg,New Jersey,1449888
11/02/2020,20-1435,"Reiss Masonry Construction, LLC",Philadelphia ,Pennsylvania,1467788
11/02/2020,20-1436,American Masonry LLC,Manchester,New Hampshire,1415750
11/02/2020,20-1437,"K.M. Davis Contracting Co, Inc",Marietta,Georgia,1478815
11/03/2020,20-1438,"Richmond Medical Center, dba Richmond University Medical Center",Staten Island,New York,1472429
11/03/2020,20-1439,Sara Construction LLC.,White Plains,New York,1461614
11/03/2020,20-1440,"Mukenschnabl, Inc.",West Chicago,Illinois,1484270
11/03/2020,20-1441,"Clearview Operating Co., LLC, dba The Grand Rehabilitation and Nursing, Queens",Whitestone,New York,1487383
11/03/2020,20-1442,"Bortnick Dairy, LLC",Conneautville,Pennsylvania,1491083
11/03/2020,20-1443,"Natchaug Hospital, Inc.",Mansfield Center,Connecticut,1476019
11/03/2020,20-1444,"2305 Rancocas Road Operations LLC, dba Marcella Center",Burlington,New Jersey,1476211
11/04/2020,20-1445,"Valentin Hernandez, dba Magic Tech Roofing",Pataskala ,Ohio,1488164
11/04/2020,20-1446,"Richmond Medical Center, dba Richmond University Medical Center",Staten Island,New York,1477126
11/04/2020,20-1447,"Care One at Birchwood, LLC, dba CareOne at the Highlands",Edison,New Jersey,1481640
11/05/2020,20-1448,Prime Healthcare Services - St. Michael's LLC,Newark,New Jersey,1472330
11/05/2020,20-1449,"Athena Orchard View LLC, dba Orchard View Manor Rehabilitation & Nursing Center",Riverside ,Rhode Island,1475461
11/05/2020,20-1450,"Robert Wood Johnson Barnabas Health, dba Community Medical Center",Toms River,New Jersey,1475320
11/05/2020,20-1451,"Lumber and Things, Inc",Keyser,West Virginia,1466035
11/05/2020,20-1452,Rivne Roofing,Barberton,Ohio,1476604
11/05/2020,20-1453,Cubitac Cabinetry Inc.,Ridgefield,New Jersey,1460895
11/05/2020,20-1454,ADS Contracting,Johnstown,New York,1479229
11/05/2020,20-1455,"Avista Healthcare, dba MIMA Healthcare",Cherry Hill,New Jersey,1472865
11/05/2020,20-1456,Boston Construction Co.,Clarendon Hills,Illinois,1492929
11/06/2020,20-1457,Conagra Brands Inc.,Marshall,Missouri,1472729
11/06/2020,20-1458,"Rogosin Institute Inc., dba Rogosin Institute- Brooklyn East",Brooklyn ,New York,1475478
11/06/2020,20-1459,The Brooklyn Hospital Center,Brooklyn ,New York,1473810
11/06/2020,20-1460,Life Care Center of Nashoba Valley,Littleton,Massachusetts,1478339
11/06/2020,20-1461,RCH Roofing Corp.,Framingham,Massachusetts,1472323
11/06/2020,20-1462,"Hackensack Meridian Medical Group, Primary Care",Red Bank ,New Jersey,1475842
11/06/2020,20-1463,"Land O'Frost, Inc.",Lansing ,Illinois,1481556
11/09/2020,20-1464,Montefiore Medical Center,Bronx,New York,1475727
11/09/2020,20-1465,2020 Route 23 North Operating Company dba Atrium Post-Acute Care of Wayneview,Wayne,New Jersey,1487631
11/09/2020,20-1466,"Hudson Pointe Acquisition LLC, dba Hudson Pointe at Riverdale CTR for Nursing and Rehabilitation",Bronx,New York,1486893
11/09/2020,20-1467,"Highland Care Center, Inc.",Jamaica ,New York,1472064
11/09/2020,20-1468,"East Coast Framers, Inc.",Chestnut Ridge,New York,1325912
11/09/2020,20-1469,Tantum's Tree Removal LLC,Asbury Park,New Jersey,1474335
11/09/2020,20-1470,The Silvercrest Center for Nursing and Rehabilitation ,Briarwood,New York,1477406
11/10/2020,20-1471,"John William Masonry BRS, LLC",Boston,Massachusetts,1482471
11/10/2020,20-1472,"Baypointe Rehab Center, LLC",Brockton,Massachusetts,1474378
11/10/2020,20-1473,Joaquin Garcia,Goddard,Kansas,1495737
11/10/2020,20-1474,Universal Packaging Corporation,Kirkwood,Missouri,1493579
11/10/2020,20-1475,Spectrum Brands- Bridgeton,Bridgeton,Missouri,1493063
11/12/2020,20-1476,Care One at Livingston Assisted Living,Livingston,New Jersey,1479867
11/12/2020,20-1477,"Lutheran Senior Services, dba Meramec Bluffs Care Center",Ballwin ,Missouri,1472507
11/12/2020,20-1478,Acker-Stone,Chandler,Arizona,1477166
11/12/2020,20-1479,"Sapphire HC LLC, dba Briarcliff Manor Center for Rehabilitation and Nursing",Briarcliff Manor,New York,1487944
11/12/2020,20-1480,"East Coast Framers, Inc.",Chestnut Ridge,New York,1323713
11/12/2020,20-1481,"Natural Pack Inc, dba SuperMoss",Thomaston,Georgia,1467868
11/12/2020,20-1482,Care One at Livingston Assisted Living,Livingston,New Jersey,1489564
11/12/2020,20-1483,"Star Plastics, Inc",Ravenswood,West Virginia,1492925
11/12/2020,20-1484,RD Group Builders Inc.,Hampton,New Hampshire,1478336
11/12/2020,20-1485,"Egg Harbor Care Center, LLC.",Egg Harbor Township,New Jersey,1489006
11/12/2020,20-1486,"Swift Beef Company, dba JBS",Cactus,Texas,1476485
11/13/2020,20-1487,"Prime Healthcare Services- St. Mary's Passaic, LLC, dba St. Mary's General Hospital ",Passaic,New Jersey,1491182
11/13/2020,20-1488,"Alden-Valley Ridge Rehabilitation and Health Care Center, Inc.  ",Bloomingdale,Illinois,1488820
11/13/2020,20-1489,"Koch Foods of Cincinnati, LLC",Fairfield,Ohio,1475567
11/13/2020,20-1490,"Sundt Construction, Inc.",Chandler,Arizona,1492480
11/13/2020,20-1491,"FieldCore Service Solutions, LLC",Lamar,Colorado,1477738
11/13/2020,20-1492,"FieldCore Service Solutions, LLC",Lamar,Colorado,1475096
11/13/2020,20-1493,Bergelectric Corp,Chandler,Arizona,1492500
11/13/2020,20-1494,"Alden Terrace of McHenry Rehabilitation and Health Care Center, Inc.",McHenry,Illinois,1476177
11/13/2020,20-1495,Acker-Stone,Chandler,Arizona,1477371
11/13/2020,20-1496,"ManorCare Health Services, dba HCR Healthcare, LLC.",West Deptford,New Jersey,1475471
11/13/2020,20-1497,"FBI Buildings, Inc.",Greenwich,Ohio,1490200
11/16/2020,20-1498,Christian Health Care Center,Wyckoff,New Jersey,1473817
11/16/2020,20-1499,"Phoenix Fabricators & Erectors, LLC.",Malvern,Arkansas,1472622
11/16/2020,20-1500,"Friona Cattle Feeders North, dba Friona Industries",Satanta ,Kansas,1489161
11/16/2020,20-1501,"Friona Cattle Feeders North, dba Friona Industries",Satanta ,Kansas,1489222
11/16/2020,20-1502,"IEA Constructors, LLC",Scurry,Texas,1493300
11/16/2020,20-1503,"Hackensack Meridian Health Hospitals Corporation, dba Hackensack University Medical Center",Hackensack,New Jersey,1472186
11/17/2020,20-1504,Mahoney Design & Build,Liverpool,New York,1496450
11/17/2020,20-1505,Complete Care at Hamilton LLC,Passaic,New Jersey,1486510
11/17/2020,20-1506,"Brickfield Builders, Inc.",New Caney,Texas,1490480
11/17/2020,20-1507,Quality Sausage Company LLC,Dallas,Texas,1474954
11/17/2020,20-1508,Quality Sausage Company LLC,Dallas,Texas,1473273
11/17/2020,20-1509,Quality Sausage Company LLC,Dallas,Texas,1475435
11/17/2020,20-1510,Hensel Phelps Construction Co,Westminster,Colorado,1487369
11/18/2020,20-1511,"Fogarty Bros. Inc., dba Safeway Van Lines",Butler,New Jersey,1469301
11/18/2020,20-1512,"Essex Residential Care, LLC , dba Hackensack Meridian Health West Caldwell Care Center",West Caldwell,New Jersey,1472725
11/18/2020,20-1513,"Hackensack Meridian Health System, dba PALISADES MEDICAL CENTER, INC.",North Bergen,New Jersey,1473005
11/18/2020,20-1514,"Hackensack Meridian Health System, dba PALISADES MEDICAL CENTER, INC.",North Bergen,New Jersey,1477909
11/18/2020,20-1515,"Hackensack Meridian Health System, dba PALISADES MEDICAL CENTER, INC.",North Bergen,New Jersey,1483597
11/18/2020,20-1516,"Buczkowski Builders, LLC",Amsterdam,New York,1433549
11/18/2020,20-1517,Lorenzo Construction Corp.,Bayonne,New Jersey,1481437
11/18/2020,20-1518,KWS LLC,Newton,New Jersey,1466188
11/18/2020,20-1519,Prospect EOGH Inc. dba East Orange General Hospital,East Orange,New Jersey,1472405
11/19/2020,20-1520,New Jersey Addiction Treatment Center LLC dba Sunrise House,Lafayette,New Jersey,1473911
11/19/2020,20-1521,"Titan Reinforcing, LLC",Janesville,Wisconsin,1490905
11/19/2020,20-1522,"Sinai Center for Rehabilitation and Healthcare LLC, dba Sinai Post-Acute Nursing & Rehab Center ",Newark,New Jersey,1474225
11/19/2020,20-1523,"Green Knoll Care, LLC, dba Complete Care at Green Knoll",Bridgewater,New Jersey,1486874
11/19/2020,20-1524,"Larochelle Construction, Inc.",Holyoke,Massachusetts,1490160
11/19/2020,20-1525,Tri State Ironwork,Passaic,New Jersey,1459398
11/19/2020,20-1526,Amado Tellez,Cypress,Texas,1493459
11/19/2020,20-1527,"C&H Construction Services, L.L.C.",Prichard,Alabama,1480692
11/19/2020,20-1528,"Unilever, dba Unilever Manufacturing",Independence,Missouri,1472257
11/19/2020,20-1529,Gilani Medical Services PC,Brooklyn ,New York,1476331
11/19/2020,20-1530,"Virtua- West Jersey Health System, Inc., dba Virtua Memorial Hospital of Burlington County, Inc.",Mount Holly,New Jersey,1472976
11/19/2020,20-1531,"Bus Maintenance Corp, dba Logan Bus",Brooklyn,New York,1473255
11/19/2020,20-1532,"Lakewood Resource and Referral Center, Inc, dba Center Health for Education, Medicine and Dentistry...",Lakewood,New Jersey,1474345
11/20/2020,20-1533,Image Time Inc.,Perryopolis,Pennsylvania,1484766
11/20/2020,20-1534,Janusz Polak dba Pants Masonry Inc.,Chicago ,Illinois,1482783
11/20/2020,20-1535,"SalusCare, Inc.",Fort Meyers,Florida,1474622
11/20/2020,20-1536,"Attleboro Medical Investors LLC, dba Life Care Center of Attleboro",Attleboro,Massachusetts,1487954
11/20/2020,20-1537,"Total Welding, Inc.",Westminster,Colorado,1487303
11/20/2020,20-1538,"3 Z Masonry, Inc.",Wallkill,New York,1453627
11/20/2020,20-1539,"3 Z Masonry, Inc",Middletown,New York,1465727
11/20/2020,20-1540,"Total Recycle, Inc",Birdsboro,Pennsylvania,1486519
11/23/2020,20-1541,"C & C Construction, Inc. ",Hazel,South Dakota,1476017
11/23/2020,20-1542,"Superior Dairy, Inc.",Canton,Ohio,1490753
11/23/2020,20-1543,"Grand Manor Nursing & Rehabilitation Center, L.L.C.",Saint Louis,Missouri,1474377
11/23/2020,20-1544,Falleta Masonry LLC,Fords,New Jersey,1455907
11/23/2020,20-1545,Allen Roofing,Saint Charles,Missouri,1485586
11/23/2020,20-1546,Allen Roofing,Saint Charles,Missouri,1485730
11/23/2020,20-1547,"Lee Allen Contracting, Inc.",Wentzville,Missouri,1485757
11/23/2020,20-1548,"Wintonbury Care Center, LLC, dba Touchpoints at Bloomfield",Bloomfield,Connecticut,1472908
11/24/2020,20-1549,"SecureCare Options, LLC, dba 60 West",Rocky Hill,Connecticut,1476011
11/24/2020,20-1550,Serafin Rivera,Sioux Falls,South Dakota,1473395
11/24/2020,20-1551,"Trinity Hill Care Center, LLC",Hartford,Connecticut,1474368
11/24/2020,20-1552,"Chelsea Place Care Center, LLC",Hartford ,Connecticut,1474336
11/24/2020,20-1553,Tempus Builders Inc.,Greenwich,Ohio,1475975
11/24/2020,20-1554,"Tadlock Roofing, Inc.",Jacksonville,Florida,1487057
11/24/2020,20-1555,"Kleen Environmental, LLC",Sour Lake,Texas,1482885
11/24/2020,20-1556,Concerto Renal Services LLC,Chicago ,Illinois,1473120
11/24/2020,20-1557,Valley Hospital Inc.,Ridgewood,New Jersey,1472607
11/24/2020,20-1558,"AAA Roofing and Construction, LLC",Fort Collins,Colorado,1486796
11/25/2020,20-1559,Navejas Electric LLC.,Austin,Texas,1474028
11/25/2020,20-1560,"LJA Surveying, Inc.",Dickinson,Texas,1480179
11/25/2020,20-1561,"Valley Physician Services Inc., dba Valley Medical Group",Waldwick,New Jersey,1472609
11/27/2020,20-1562,Long Island Jewish-Forest Hills Hospital,Forest Hills,New York,1474759
11/27/2020,20-1563,"735 Putnam Pike Operations LLC, dba Greenville Center",Greenville,Rhode Island,1477127
11/27/2020,20-1564,"Cold Spring Hill Acquisition LLC, dba Cold Spring Hills Center for Nursing and Rehab",Woodbury,New York,1487532
11/27/2020,20-1565,"Texas Underground Utilities, Inc.",Houston ,Texas,1496152
11/27/2020,20-1566,Damasceno Landscaping & Construction LLC,Norwalk,Connecticut,1472978
11/27/2020,20-1567,"ManorCare Health Services, dba HCR Healthcare, LLC.",West Deptford ,New Jersey,1475560
11/30/2020,20-1568,Amsterdam Nursing Home Corporation,New York,New York,1475704
11/30/2020,20-1569,"Flatiron Constructors, Inc.",Rodanthe,North Carolina,1490033
11/30/2020,20-1570,Hillside Rehabilitation Hospital,Warren,Ohio,1474193
11/30/2020,20-1571,"Virtua- West Jersey Health System, Inc., dba Virtua Voorhees Hospital",Voorhees,New Jersey,1473925
11/30/2020,20-1572,Eagle Natrium LLC,Proctor,West Virginia,1483733
11/30/2020,20-1573,"Steward Holy Family Hospital, Inc., dba Holy Family Hospital",Haverhill,Massachusetts,1475984
11/30/2020,20-1574,Hackensack Meridian Jersey Shore University Medical Center,Neptune,New Jersey,1473469
11/30/2020,20-1575,"Universal Construction, Inc.",Framingham,Massachusetts,1316829
12/01/2020,20-1576,"ADUSA Distribution, LLC",Winthrop,Maine,1489776
12/01/2020,20-1577,"Best Value Kosher Food, Inc.",Kew Gardens,New York,1475901
12/01/2020,20-1578,Quality Sausage Company LLC,Dallas,Texas,1480502
12/01/2020,20-1579,"Northstar Energy Services, Inc. /NC Northstar Energy Services, Inc.",Cherokee,Texas,1498273
12/01/2020,20-1580,"Jimmy A Dunn Excavating Company, Inc.",Sissonville,West Virginia,1473335
12/02/2020,20-1581,"Menard, Inc",Tipp City,Ohio,1484558
12/02/2020,20-1582,Marlboro Hills MA SNF LLC,Marlborough,Massachusetts,1474928
12/02/2020,20-1583,Kan-Do Construction,Middleton,Wisconsin,1485887
12/02/2020,20-1584,St. Mary's Center for Rehabilitation & Healthcare,Cherry Hill,New Jersey,1486247
12/02/2020,20-1585,2020 Route 23 North Operating Company d/b/a Atrium Post-Acurate Care of Wayneview,Wayne,New Jersey,1487634
12/02/2020,20-1586,"Ambulnz, Inc.",New York,New York,1473780
12/03/2020,20-1587,"Y Espinal Roofing, LLC",Texas City,Texas,1489130
12/03/2020,20-1588,"150 Riverside Op. LLC, dba The Riverside Premier Rehabilitation & Healing Center",New York ,New York,1473664
12/03/2020,20-1589,"Geneva Nursing and Rehabilitation Center, LLC, dba Bria Health Services of Geneva",Geneva,Illinois,1474458
12/03/2020,20-1590,"Teofilo Silva, dba Teofilo Silva",Leeds,Alabama,1491294
12/03/2020,20-1591,Amorim Construction Inc.,West Roxbury,Massachusetts,1483990
12/03/2020,20-1592,"V. Nanfito Roofing and Siding, Inc.",Berlin,Connecticut,1481412
12/03/2020,20-1593,"Elmwood Evesham Associates, LLC",Marlton,New Jersey,1487353
12/04/2020,20-1594,"LCB Senior Living, LLC, dba Traditions of Wayland",Wayland,Massachusetts,1473461
12/04/2020,20-1595,"Merrimack Valley Operations, LLC, dba Life Care Center of Merrimack Valley",N Billerica,Massachusetts,1487917
12/04/2020,20-1596,Hunterdon Care Center,Flemington,New Jersey,1475844
12/04/2020,20-1597,"Athena Health Care Systems, dba Oakland Grove Health Care Center",Woonsocket,Rhode Island,1487891
12/04/2020,20-1598,"South Shore Medical Investors, LLC, dba Life Care Center of the South Shore",Scituate,Massachusetts,1478069
12/04/2020,20-1599,"Mount Vernon Mills, Inc.",Alto,Georgia,1436200
12/04/2020,20-1600,"SRS Distribution Inc., dba Willoughby Supply, dba Willoughby Supply",Sandyville,Ohio,1483146
12/07/2020,20-1601,"Emerson Convalescent Center, dba Emerson Health & Rehabilitation Center",Emerson,New Jersey,1473663
12/07/2020,20-1602,Air Force One Inc.,Pioneer,Ohio,1499823
12/07/2020,20-1603,"Waters Edge Healthcare & Rehab Center, LLC.",Trenton,New Jersey,1476010
12/07/2020,20-1604,"Isabella Geriatric Center, dba Isabella Center for Nursing and Rehabilitation",New York,New York,1481982
12/07/2020,20-1605,Ridley Electric Co. Inc.,Oswego,New York,1475429
12/07/2020,20-1606,P&T Custom Homes Inc.,Hinsdale,Illinois,1496186
12/07/2020,20-1607,"Hackensack Meridian Health Residential Care Inc., The Harborage ",North Bergen,New Jersey,1474325
12/07/2020,20-1608,"Hackensack Meridian Health System, d/b/a PALISADES MEDICAL CENTER, INC.",North Bergen,New Jersey,1474055
12/07/2020,20-1609,"USPS Philadelphia Metro P&DC, dba United States Postal Service ",Philadelphia,Pennsylvania,1466908
12/07/2020,20-1610,"Family of Care Healthcare at Montclair, LLC",Montclair,New Jersey,1484158
12/07/2020,20-1611,"Prime Healthcare Services LLC, dba Saint Clare's Health-Denville",Stockholm,New Jersey,1446180
12/07/2020,20-1612,Colonnelli Bros Inc.,South Orange,New Jersey,1482914
12/07/2020,20-1613,Katerra Construction LLC,White Plains,New York,1492126
12/07/2020,20-1614,"MWH Constructors, Inc.",Denver,Colorado,1479777
12/07/2020,20-1615,"Hackensack Meridian Health Hospitals Corporation, dba Hackensack University Medical Center",Hackensack,New Jersey,1472295
12/07/2020,20-1616,LT Roofing LLC,Berlin,Connecticut,1477990
12/08/2020,20-1617,"Lawrence + Memorial Hospital, Inc.",New London,Connecticut,1476231
12/08/2020,20-1618,"Brooklyn-Anthony & Robert Construction INC., dba BAR Construction",Thornton,Colorado,1482362
12/08/2020,20-1619,"Menorah Home and Hospital for the Aged and Infirm, dba Menorah Center for Rehabilitation and...",Brooklyn,New York,1488543
12/08/2020,20-1620,The Timken Company,Bucyrus,Ohio,1490920
12/09/2020,20-1621,American Medical Response,Bronx,New York,1477156
12/09/2020,20-1622,Marlin Services Inc.,Mont Belvieu,Texas,1486224
12/09/2020,20-1623,Prime Healthcare Services - St. Michael's LLC,Newark,New Jersey,1479171
12/09/2020,20-1624,Armeton US Co.,Norwalk ,Ohio,1489759
12/09/2020,20-1625,"Accord Steel and Precast Erectors, Inc.",Brighton,Massachusetts,1480685
12/09/2020,20-1626,"Virtua-West Jersey Health System, Inc., dba Virtua Health and Rehabilitation Center at Mt. Holly,...",Lumberton Township,New Jersey,1474907
12/10/2020,20-1627,"Asphalt Industries, LLC",Gloversville,New York,1441892
12/10/2020,20-1628,"Ventura Foods, LLC",Birmingham,Alabama,1492861
12/10/2020,20-1629,"Odom Construction Services, LLC.",Batesville,Arkansas,1476796
12/10/2020,20-1630,Brighton Rehabilitation and Wellness Center,Beaver,Pennsylvania,1483734
12/10/2020,20-1631,Flint Hills Rural Electric Coop Association Inc.,Cottonwood Falls,Kansas,1494832
12/10/2020,20-1632,Long Island Jewish- Forest Hills Hospital,Forrest Hills,New York,1478317
12/10/2020,20-1633,The Silvercrest Center for Nursing and Rehabilitation ,Briarwood,New York,1477403
12/10/2020,20-1634,Butterfield Health Care VIII LLC dba Meadowbrook Manor,Bolingbrook ,Illinois,1474191
12/10/2020,20-1635,NEWARK BETH ISRAEL MEDICAL CENTER,Newark ,New Jersey,1476463
12/10/2020,20-1636,"Catholic Health System, Inc, dba McAuley Residence",Kenmore,New York,1475264
12/10/2020,20-1637,"Kaleida Health, dba Buffalo General Medical Center",Buffalo,New York,1474063
12/10/2020,20-1638,"Rego Park Health Care, dba Rego Park N H LTD",Flushing ,New York,1488595
12/14/2020,20-1639,Capital Concrete NY Inc.,Brooklyn ,New York,1476321
12/14/2020,20-1640,Schnell Contracting Systems L.L.C.,New York,New York,1475322
12/14/2020,20-1641,Magellan Concrete Structures Corp.,Brooklyn ,New York,1476047
12/14/2020,20-1642,United Cocoa Processor,Newark,Delaware,1477553
12/14/2020,20-1643,"Barber Foods, LLC",Portland,Maine,1477143
12/14/2020,20-1644,"Divine Masonry & Concrete, LLC",Hartford,Connecticut,1479182
12/14/2020,20-1645,"Hackensack Meridian Health Hospitals Corporation, dba Hackensack University Medical Center ",Hackensack ,New Jersey,1474520
12/14/2020,20-1646,"ArcelorMittal-Weirton, LLC",Weirton,West Virginia,1475905
12/15/2020,20-1647,"Poly-America, L.P.",Grand Prairie ,Texas,1481522
12/15/2020,20-1648,"Poly-America, L.P.",Grand Prairie ,Texas,1479962
12/15/2020,20-1649,Arnold Walter Nursing Rehabilitation Center,Hazlet,New Jersey,1486407
12/15/2020,20-1650,"Rudy Yoder, dba Rudy Yoder",Mars,Pennsylvania,1477022
12/15/2020,20-1651,"ZMDR LLC, dba Republic Foods",Lone Jack,Missouri,1475907
12/15/2020,20-1652,"ZMDR LLC, dba Republic Foods",Lone Jack ,Missouri,1478081
12/16/2020,20-1653,SMSE Construction LLC,Cliffside Park,New Jersey,1470584
12/16/2020,20-1654,"United Scrap Metal, Inc. ",Cicero,Illinois,1474879
12/16/2020,20-1655,Southwest Research Institute,San Antonio,Texas,1488147
12/16/2020,20-1656,Lampire Biological Laboratories,Everett ,Pennsylvania,1500386
12/16/2020,20-1657,"Marguerite Concrete, Inc.",Boston,Massachusetts,1482713
12/17/2020,20-1658,Jonathan Byler Construction,Mars,Pennsylvania,1478073
12/17/2020,20-1659,"Senior Philanthropy of Milford B, LLC, dba Golden Hill Rehab Pavilion",Milford,Connecticut,1474612
12/17/2020,20-1660,"MDLG, Inc., dba Phenix Lumber Company",Phenix City,Alabama,1476807
12/17/2020,20-1661,"Custom European Imports, Inc., dba Tristate Awnings & Signs Corp.",Sloatsburg,New York,1400604
12/17/2020,20-1662,"Florida Southern Roofing & Sheet Metal, Inc.",Bradenton,Florida,1478134
12/17/2020,20-1663,Flores Home Repair,Webb City,Missouri,1381187
12/17/2020,20-1664,Sutter Roofing Company of Florida,Royal Palm Beach,Florida,1477346
12/17/2020,20-1665,JL Closets,Boca Raton,Florida,1493786
12/18/2020,20-1666,"Michael Carlson, dba Carmel Log Homes",Newtown,Connecticut,1487289
12/18/2020,20-1667,Mountain Reload LLC.,Denver,Colorado,1477588
12/18/2020,20-1668,"Comcast Cable Communications, LLC, dba Comcast",Atlanta,Georgia,1475779
12/18/2020,20-1669,Riedman Companies,Corning,New York,1477345
12/18/2020,20-1670,"Friendship Senior Options, NFP",Schaumburg,Illinois,1478469
12/21/2020,20-1671,"Fortune Painting Company, Inc. dba Fortune Restoration Painting & Masonry ",Chicago,Illinois,1476041
12/21/2020,20-1672,"Fortune Painting Company, Inc. dba Fortune Restoration Painting & Masonry ",Chicago,Illinois,1476182
12/21/2020,20-1673,"Providence Rest, Inc.",Bronx,New York,1488827
12/21/2020,20-1674,Riverside Developers USA Inc.,Brooklyn ,New York,1476046
12/21/2020,20-1675,"Hackensack Meridian Health Nursing & Rehab- Regent Care Center, dba HMH Residential Care, Inc.",Hackensack ,New Jersey,1486544
12/22/2020,20-1676,W & W Steel Erectors,Arlington,Texas,1451723A
12/23/2020,20-1677,"Elmwood Hills Healthcare Center LLC, dba Northbrook Behavioral Health Hospital",Blackwood,New Jersey,1482157
12/23/2020,20-1678,Oakland Operator LLC,Oakland,New Jersey,1476994
12/23/2020,20-1679,"Industrial Insulation and Coatings, LLC",Mars,Pennsylvania,1476984
12/28/2020,20-1680,"H&S Towing Services, Inc",Bethel,Pennsylvania,1485027
12/28/2020,20-1681,"2509 South Fourth Operating, LLC, dba St. Monica Center for Rehabilitation and Healthcare",Philadelphia,Pennsylvania,1490507
12/28/2020,20-1682,"Bulldog Rack of Weirton, Inc., dba Bulldog Rack Company",Weirton,West Virginia,1471353
12/28/2020,20-1683,"Clean Air Environmental Services, Inc., dba Clean Air Environmental Services, Inc.",Gloversville,New York,1488117
12/29/2020,20-1684,Kenvil United Corp.,Middletown,New York,1489943
12/29/2020,20-1685,"Waste Connections of St Louis, Inc.",Bridgeton,Missouri,1483326
12/29/2020,20-1686,Kehrer Brother's West Roofing Inc,Centralia,Illinois,1494489
12/29/2020,20-1687,Jose Linares,Tomball,Texas,1495232
12/29/2020,20-1688,"Sheetz, Inc., dba Sheetz Distribution Services",Claysburg,Pennsylvania,1500710
12/31/2020,20-1689,"Southern Civil Contracting, Inc.",Starkville,Mississippi,1475631